John Doe,M,25,85
Jane Smith,F,32,92
Michael Johnson,M,47,78
Emily Davis,F,28,89
William Brown,M,35,95
Olivia Taylor,F,42,82
James Anderson,M,29,90
Sarah Thompson,F,37,87
Robert Jackson,M,45,79
Laura Wilson,F,30,93
David Miller,M,36,92
Charlotte Williams,F,41,85
Christopher Lee,M,28,98
Jessica Martin,F,34,82
Daniel Clarke,M,40,77
Patricia King,F,39,93
Richard Thompson,M,27,89
Lindsay Johnson,F,35,94
Alexander Davis,M,42,81
Sophia Anderson,F,29,99
Ethan Allen,M,26,84
Isabella Black,F,31,91
Sean Campbell,M,46,79
Vanessa Davis,F,27,88
Andrew Edwards,M,34,96
Hannah Frank,F,43,83
Benjamin Green,M,28,97
Cassandra Harris,F,35,81
Zachary Johnson,M,41,78
Audrey Lee,F,33,90
Alexander Smith,M,23,88
Emma Johnson,F,29,91
Daniel Lee,M,36,82
Olivia Davis,F,25,95
James Thompson,M,32,85
Sophia Wilson,F,27,92
William Anderson,M,41,87
Isabella Taylor,F,34,98
Henry Miller,M,28,83
Laura Brown,F,30,94
Ethan Williams,M,38,89
Charlotte Clarke,F,26,93
Liam Edwards,M,35,86
Grace King,F,40,90
Robert Black,M,24,81
Samantha Davis,F,31,97
Thomas Lee,M,39,84
Victoria Smith,F,22,96
Benjamin Johnson,M,21,80
Emma Thompson,F,37,99
Daniel Miller,M,20,88
Isabella Johnson,F,28,91
Henry Wilson,M,35,82
Sophia Brown,F,42,95
Oliver Clarke,M,30,85
Grace Edwards,F,33,92
Liam Taylor,M,33,87
Isabella Anderson,F,41,98
Jackson Smith,M,27,83
Charlotte Lee,F,36,94
Liam Wilson,M,32,89
Lucy Brown,F,25,93
Marcus Miller,M,39,86
Olivia Edwards,F,26,90
Owen Thompson,M,34,81
Rachel Davis,F,23,97
Samuel Lee,M,31,84
Victoria Clarke,F,38,96
William Anderson,M,22,80
Alexandra Smith,F,37,99
Benjamin Lee,M,21,88
Charlotte Johnson,F,29,91
Daniel Taylor,M,34,82
Emily Brown,F,43,95
Evan Miller,M,31,85
Gabriella Thompson,F,28,92
Henry Davis,M,38,87
Isabella Clarke,F,41,98
Jackson Wilson,M,27,83
Katherine Smith,F,36,94
Liam Black,M,32,89
Lucy Anderson,F,25,93
Marcus Lee,M,39,86
Noah Johnson,M,26,90
Oliver Edwards,M,35,81
Rachel Clarke,F,24,97
Samuel Taylor,M,33,84
Victoria Wilson,F,38,96
William Brown,M,23,80
Andrew Miller,M,20,99
Bella Thompson,F,28,88
Christopher Brown,M,37,91
Danielle Davis,F,30,82
Ethan Wilson,M,42,95
Frank Taylor,M,29,85
Gabriella Smith,F,34,92
Harrison Johnson,M,39,87
Isla Edwards,F,27,98
James Clarke,M,33,83
Katherine Anderson,F,41,94
Liam Black,M,26,89
Lucy Miller,F,35,93
Max Smith,M,25,90
Noah Lee,M,38,81
Oliver Davis,M,24,97
Patricia Brown,F,36,84
Robert Thompson,M,32,96
Samuel Johnson,M,22,80
William Davis,M,21,99
Xavier Smith,M,29,88
Yvonne Clarke,F,38,91
Zachary Wilson,M,31,82
Abigail Taylor,F,43,95
Benjamin Johnson,M,28,85
Catherine Brown,F,35,92
Daniel Miller,M,40,87
Emily Davis,F,26,98